id,upc,title,artist_name,label_id,release_date,cover_url,genre,release_type,status,created_by,created_at,updated_at,archived_at
"ae685622-6a5e-4d8a-bf0d-005bbb9d4f00","8990137012132","Cem Ceman (Modal Tampang)","Mak Ton feat. Mbok Jum","74c1b87a-2c9b-45c8-a9af-5cdb3d88f419","2025-11-16","https://opkvvdgnhhopkkeaokzo.supabase.co/storage/v1/object/public/release-covers/covers/45b03259-b121-4fdd-8193-2eaa2fdd3a82.jpg","Dangdut","single","active","7d05f477-ef67-449f-a6cf-29097394948f","2026-01-12T06:16:15.386079+00:00","2026-01-19T07:48:57.902002+00:00",
"f3466e38-3b35-4aa4-ab0b-6c39d68c30d7","3617054743110","Freedom For Palestine","Predator","74c1b87a-2c9b-45c8-a9af-5cdb3d88f419","2023-01-08","https://storage.googleapis.com/soundpub-project/covers/cover-1768807485271.jpg","Metal - Death Metal","single","active","7d05f477-ef67-449f-a6cf-29097394948f","2026-01-15T10:31:34.279702+00:00","2026-01-19T11:12:15.268652+00:00",
"c2b911de-09c7-4884-954d-d50217ecce49","8990137008838","Sayap Nusantaraya","Ganusa","74c1b87a-2c9b-45c8-a9af-5cdb3d88f419","2025-10-17","https://storage.googleapis.com/soundpub-project/covers/cover-1768879721434.jpg","Pop","single","active","7d05f477-ef67-449f-a6cf-29097394948f","2026-01-13T03:11:12.638903+00:00","2026-01-20T03:28:49.597081+00:00",
"aa504bf6-074b-4ac6-9a16-53b44ddf26bb","8990137012125","Gendero Putih","Sakha Artara","74c1b87a-2c9b-45c8-a9af-5cdb3d88f419","2025-11-16","https://storage.googleapis.com/soundpub-project/covers/cover-1768878570733.jpg","Pop","single","active","7d05f477-ef67-449f-a6cf-29097394948f","2026-01-12T09:44:20.94623+00:00","2026-01-20T03:09:34.639654+00:00",
"c40470b4-6fb2-40a9-b002-c2890a47db96","8990137011753","RIAM REMO","Riam Remo","74c1b87a-2c9b-45c8-a9af-5cdb3d88f419","2025-10-24","https://opkvvdgnhhopkkeaokzo.supabase.co/storage/v1/object/public/release-covers/covers/125c2ba9-b61c-4790-8975-4e355b0d6318.jpg","Pop","album","active","7d05f477-ef67-449f-a6cf-29097394948f","2026-01-12T06:34:02.610255+00:00","2026-01-19T09:24:03.079297+00:00",
"82cba12f-c88b-4436-ab21-5c568884c6dd","3617399457710","Ora Ngurusi Cocote Tonggo","Podo D Ne","74c1b87a-2c9b-45c8-a9af-5cdb3d88f419","2025-07-21","https://storage.googleapis.com/soundpub-project/covers/cover-1768982658962.jpg","Pop","single","active","7d05f477-ef67-449f-a6cf-29097394948f","2026-01-13T09:23:37.392808+00:00","2026-01-21T08:04:19.804003+00:00",
"bc0be7da-d73d-428a-827f-f30b1e59a71f","8990137014778","Malang Lucu Sayang","SIMM","74c1b87a-2c9b-45c8-a9af-5cdb3d88f419","2026-01-09","https://storage.googleapis.com/soundpub-project/covers/cover-1768878599136.jpg","Hip Hop/Rap","single","active","7d05f477-ef67-449f-a6cf-29097394948f","2026-01-12T09:47:45.750133+00:00","2026-01-20T03:10:06.868205+00:00",
"889c1ca6-ad4e-4ba2-921b-281763acfe63","3617396225022","Paong Murip","Rizky","74c1b87a-2c9b-45c8-a9af-5cdb3d88f419","2025-05-19","https://storage.googleapis.com/soundpub-project/covers/cover-1769110112620.jpg","Rock","single","active","7d05f477-ef67-449f-a6cf-29097394948f","2026-01-13T09:36:35.819342+00:00","2026-01-22T19:28:33.848302+00:00",
"b054bb8d-5556-4ae3-b06c-74b862d4e526","3617399457703","Rintihan Siksa Kubur","Pesarean","74c1b87a-2c9b-45c8-a9af-5cdb3d88f419","2025-07-16","https://storage.googleapis.com/soundpub-project/covers/cover-1768983514552.jpg","Metal","album","active","7d05f477-ef67-449f-a6cf-29097394948f","2026-01-13T09:25:40.682689+00:00","2026-01-21T08:18:35.38494+00:00",
"d488976c-6966-487c-9c4b-0c76e07965ae","8990137014020","Ibu, Yang Tak Teralihkan (Radha)","Wara Valerie","74c1b87a-2c9b-45c8-a9af-5cdb3d88f419","2025-10-23","https://storage.googleapis.com/soundpub-project/covers/cover-1768879409082.jpg","Pop","single","active","7d05f477-ef67-449f-a6cf-29097394948f","2026-01-13T03:04:41.990486+00:00","2026-01-20T03:23:32.695674+00:00",
"89fcea90-afd0-4446-a48d-aac7094cf152","8990137014266","Kelingan","Faysal Malang","74c1b87a-2c9b-45c8-a9af-5cdb3d88f419","2025-10-24","https://storage.googleapis.com/soundpub-project/covers/cover-1768981757415.jpg","Dangdut","single","active","7d05f477-ef67-449f-a6cf-29097394948f","2026-01-13T02:48:59.943758+00:00","2026-01-21T07:49:19.770048+00:00",
"73d8633e-f4ac-46e2-9bcf-d21949ed4ca1","8990137014501","Mager 2026","Rizzba","20df61cb-a8f3-416f-951b-00f4d5fe5dcb","2026-01-01","https://storage.googleapis.com/soundpub-project/covers/cover-1768878497300.jpg","Jazz","single","active","7d05f477-ef67-449f-a6cf-29097394948f","2026-01-13T02:45:51.681888+00:00","2026-01-26T14:07:59.13754+00:00",
"36001cef-7674-46dd-91a6-50033d97b906","3617396224926","Lelakiku Instrumental","Dinar Ra","74c1b87a-2c9b-45c8-a9af-5cdb3d88f419","2025-05-14","https://storage.googleapis.com/soundpub-project/covers/cover-1769110151347.jpg","Pop","single","active","7d05f477-ef67-449f-a6cf-29097394948f","2026-01-13T09:49:04.338255+00:00","2026-01-22T19:29:12.361154+00:00",
"0365ec6d-ac37-4805-a11f-191130e8647e","3617396115330","KoKo KoTa (WAVE)","Podo D Ne","74c1b87a-2c9b-45c8-a9af-5cdb3d88f419","2025-04-29","https://storage.googleapis.com/soundpub-project/covers/cover-1768982841933.jpg","Alternative","single","active","7d05f477-ef67-449f-a6cf-29097394948f","2026-01-13T09:53:29.406884+00:00","2026-01-21T08:07:22.362295+00:00",
"7f48832a-86b6-482c-9ec4-c839ec49c650","8990137009286","Siksa","Pova","74c1b87a-2c9b-45c8-a9af-5cdb3d88f419","2025-10-21","https://opkvvdgnhhopkkeaokzo.supabase.co/storage/v1/object/public/release-covers/covers/0ff071d6-160f-4b66-aa4c-e4ae4194f5a6.jpg","Rock","single","active","7d05f477-ef67-449f-a6cf-29097394948f","2026-01-12T06:20:17.587251+00:00","2026-01-19T07:50:00.586003+00:00",
"e813cede-8294-473e-b238-589f9a0c3b26","8990137014181","Dengarlah Ungkapanku","Pova","74c1b87a-2c9b-45c8-a9af-5cdb3d88f419","2025-10-18","https://opkvvdgnhhopkkeaokzo.supabase.co/storage/v1/object/public/release-covers/covers/673db55b-376a-48c9-b616-2d50c45faf0f.jpg","Rock","single","active","7d05f477-ef67-449f-a6cf-29097394948f","2026-01-12T09:11:23.108198+00:00","2026-01-19T09:28:23.424598+00:00",
"6d8c535e-f43a-4a41-9c29-ffda5609d0b0","3617667461852","M","Red Valley","74c1b87a-2c9b-45c8-a9af-5cdb3d88f419","2024-12-04","https://storage.googleapis.com/soundpub-project/covers/cover-1768877643269.jpg","Rock","album","active","7d05f477-ef67-449f-a6cf-29097394948f","2026-01-12T06:21:37.49764+00:00","2026-01-20T02:54:06.984106+00:00",
"969fb511-dec8-4e3f-926c-ede25fc6218d","3617054750903","Aku Menanti","Spikoe","74c1b87a-2c9b-45c8-a9af-5cdb3d88f419","2023-01-07","https://storage.googleapis.com/soundpub-project/covers/cover-1768807499822.jpg","Rock","single","active","7d05f477-ef67-449f-a6cf-29097394948f","2026-01-15T10:29:52.936975+00:00","2026-01-19T11:14:14.779394+00:00",
"99cdc2f2-552c-48c0-90ec-3049544476af","8990137009644","Gwenchana","DAfternoon","45133775-dd75-4495-ab7d-5fbeb79d85ad","2025-10-23","https://storage.googleapis.com/soundpub-project/covers/cover-1768877449714.jpg","Pop","single","active","7d05f477-ef67-449f-a6cf-29097394948f","2026-01-12T06:10:54.421801+00:00","2026-01-20T02:50:52.461928+00:00",
"a97937dc-c143-46ea-bdfa-392aea7de414","8990137003871","Red Flag","Mary Jona feat. Aditya Dwica, Ibnu THD","74c1b87a-2c9b-45c8-a9af-5cdb3d88f419","2025-09-04","https://opkvvdgnhhopkkeaokzo.supabase.co/storage/v1/object/public/release-covers/covers/97e2f552-ecc7-44cb-85a1-542538b2162d.jpg","Rock","single","active","7d05f477-ef67-449f-a6cf-29097394948f","2026-01-12T06:18:49.797351+00:00","2026-01-19T07:46:41.811907+00:00",
"862ef29f-dd7a-470a-bac7-1c64aa278cce","3617054743127","Feel Like An Enemy","Predator","74c1b87a-2c9b-45c8-a9af-5cdb3d88f419","2023-01-10","https://storage.googleapis.com/soundpub-project/covers/cover-1768807456452.jpg","Metal - Death Metal","single","active","7d05f477-ef67-449f-a6cf-29097394948f","2026-01-15T10:35:35.155661+00:00","2026-01-19T11:05:56.76088+00:00",
"83a60701-4da0-48d1-a705-d13d85b6bf1a","8990137008807","Sayap Nusantaraya","Ganusa","74c1b87a-2c9b-45c8-a9af-5cdb3d88f419","2025-10-17","https://storage.googleapis.com/soundpub-project/covers/cover-1768880406273.jpg","Pop","single","active","7d05f477-ef67-449f-a6cf-29097394948f","2026-01-13T03:15:58.460598+00:00","2026-01-20T03:40:14.160671+00:00",
"a0a6a3ec-871e-4366-a6b5-2b818432dc2b","8990137005561","S.A.H","Someday At Heaven","74c1b87a-2c9b-45c8-a9af-5cdb3d88f419","2025-09-20","https://storage.googleapis.com/soundpub-project/covers/cover-1768882634431.jpg","Rock","album","active","7d05f477-ef67-449f-a6cf-29097394948f","2026-01-13T03:23:13.728806+00:00","2026-01-20T04:29:44.372591+00:00",
"fa57cf7c-b998-4eb8-9bec-c6eb28f76f4a","3617399428086","Angin Natua","Natua","74c1b87a-2c9b-45c8-a9af-5cdb3d88f419","2025-07-28","https://opkvvdgnhhopkkeaokzo.supabase.co/storage/v1/object/public/release-covers/covers/74104a29-3396-42e1-9c30-082b09fd40cd.jpg","pop/rock","single","active","7d05f477-ef67-449f-a6cf-29097394948f","2026-01-13T09:11:38.906284+00:00","2026-01-22T06:21:04.6714+00:00",
"39215e8f-4ab9-46c9-9365-a8e8b86acc8a","8990137013801","Kayutangan","Banyus Ismail","74c1b87a-2c9b-45c8-a9af-5cdb3d88f419","2025-12-15","https://storage.googleapis.com/soundpub-project/covers/cover-1769109939800.jpg","Dangdut","single","active","7d05f477-ef67-449f-a6cf-29097394948f","2026-01-12T09:42:00.113689+00:00","2026-01-22T19:25:41.644104+00:00",
"c6207b42-1f7a-4a70-9e63-eccea59d2e17","3617396224919","Lelakiku","Dinar Ra","74c1b87a-2c9b-45c8-a9af-5cdb3d88f419","2025-05-14","https://storage.googleapis.com/soundpub-project/covers/cover-1769138723998.jpg","Pop","single","active","7d05f477-ef67-449f-a6cf-29097394948f","2026-01-13T09:51:09.812045+00:00","2026-01-23T03:25:28.951063+00:00",
"1fa76b4f-b7f9-4130-8cbb-a9037dcb42ba","3617391039976","Gitar Cilik","Yoga TW","74c1b87a-2c9b-45c8-a9af-5cdb3d88f419","2025-01-24","https://storage.googleapis.com/soundpub-project/covers/cover-1768981383447.jpg","Pop/jawa","single","active","7d05f477-ef67-449f-a6cf-29097394948f","2026-01-14T07:53:25.223905+00:00","2026-01-21T07:43:04.527772+00:00",
"9927f65c-b2b4-4029-a5e1-02bd1234df06","3617391959809","Mars Turonggo Satrio Mboys Campursari","Ananda Niken","74c1b87a-2c9b-45c8-a9af-5cdb3d88f419","2025-03-13","https://storage.googleapis.com/soundpub-project/covers/cover-1768982150842.jpg","Pop/jawa","single","active","7d05f477-ef67-449f-a6cf-29097394948f","2026-01-14T07:40:36.339706+00:00","2026-01-21T07:55:51.469401+00:00",
"e230d0fa-8cab-43ad-95e2-c364fee9635b","3617669822774","Karena Kamu","Natua","74c1b87a-2c9b-45c8-a9af-5cdb3d88f419","2025-01-28","https://storage.googleapis.com/soundpub-project/covers/cover-1768809694681.jpg","Rock/alternative","single","active","7d05f477-ef67-449f-a6cf-29097394948f","2026-01-14T09:16:15.909395+00:00","2026-01-19T16:56:12.219607+00:00",
"06643d6a-84af-4115-8d95-062eb26dba9a","3617391039822","Legine","Dinar Ra","74c1b87a-2c9b-45c8-a9af-5cdb3d88f419","2024-12-27","https://storage.googleapis.com/soundpub-project/covers/cover-1768809622228.jpg","Pop","single","active","7d05f477-ef67-449f-a6cf-29097394948f","2026-01-14T07:55:06.691405+00:00","2026-01-19T16:59:29.586156+00:00",
"c06b7d36-35ab-4681-a8cd-dcef0e9e4768","3617667174592","Bukan Hanya CINTA","Camestay","45133775-dd75-4495-ab7d-5fbeb79d85ad","2024-12-22","https://storage.googleapis.com/soundpub-project/covers/cover-1768809410027.jpg","Alternative - Punk","single","active","7d05f477-ef67-449f-a6cf-29097394948f","2026-01-14T12:36:30.93827+00:00","2026-01-19T16:04:17.253543+00:00",
"9a1d4258-d5e2-4f4c-ae9e-843c2b349af3","3617394181085","Bantengan Turonggo Satrio mboys","Wahyu Fen","74c1b87a-2c9b-45c8-a9af-5cdb3d88f419","2025-04-14","https://storage.googleapis.com/soundpub-project/covers/cover-1768983175852.jpg","Pop/jawa","single","active","7d05f477-ef67-449f-a6cf-29097394948f","2026-01-14T07:33:52.096446+00:00","2026-01-21T08:12:56.386479+00:00",
"1d45cdbe-2d7d-4d4d-8231-bb2a1e5dbd86","3617394181061","Gendero Putih","Bintang Purnama","74c1b87a-2c9b-45c8-a9af-5cdb3d88f419","2025-04-14","https://storage.googleapis.com/soundpub-project/covers/cover-1768982984415.jpg","Pop/jawa","single","active","7d05f477-ef67-449f-a6cf-29097394948f","2026-01-14T07:36:01.780919+00:00","2026-01-21T08:09:45.333749+00:00",
"c9dbc319-88c8-4b3f-b2c2-de2807d13486","3617394181078","Kembalilah","Bintang Purnama","74c1b87a-2c9b-45c8-a9af-5cdb3d88f419","2025-04-14","https://storage.googleapis.com/soundpub-project/covers/cover-1768982382456.jpg","Pop","single","active","7d05f477-ef67-449f-a6cf-29097394948f","2026-01-14T07:38:05.822159+00:00","2026-01-21T07:59:43.050122+00:00",
"ed16734a-55a9-4d0b-b1f2-725c01a71c57","3617667366614","On Fire","Iie","45133775-dd75-4495-ab7d-5fbeb79d85ad","2024-12-25","https://storage.googleapis.com/soundpub-project/covers/cover-1768809430881.jpg","Rock","ep","active","7d05f477-ef67-449f-a6cf-29097394948f","2026-01-14T12:27:34.284657+00:00","2026-01-19T16:17:38.416454+00:00",
"8bd66526-cc55-4706-95db-ff35488a6878","3617396706408","Ada Di Setiap Doa","Dikswah Abrit","74c1b87a-2c9b-45c8-a9af-5cdb3d88f419","2025-05-13","https://storage.googleapis.com/soundpub-project/covers/cover-1768815878730.jpg","Relaxation","album","active","7d05f477-ef67-449f-a6cf-29097394948f","2026-01-14T07:29:54.115342+00:00","2026-01-23T03:08:42.252583+00:00",
"6887cbf1-8242-41ea-a35f-c61f9f6947cd","3617392348978","Mars Turonggo Satrio Mboys DJ","Wahyu Fen","74c1b87a-2c9b-45c8-a9af-5cdb3d88f419","2025-01-23","https://storage.googleapis.com/soundpub-project/covers/cover-1769138893188.jpg","Dance/DJ Mix","single","active","7d05f477-ef67-449f-a6cf-29097394948f","2026-01-14T07:44:16.05401+00:00","2026-01-23T03:28:18.042598+00:00",
"eaef5ab3-c526-45ef-a47a-4312f137754b","3617669202484","Angin Wengi","Asriel IP","74c1b87a-2c9b-45c8-a9af-5cdb3d88f419","2025-01-11","https://storage.googleapis.com/soundpub-project/covers/cover-1768809756818.jpg","Pop/jawa","single","active","7d05f477-ef67-449f-a6cf-29097394948f","2026-01-14T09:22:36.698092+00:00","2026-01-19T16:51:35.226296+00:00",
"8f47ca08-f3bb-4b0a-a1a9-2c039c626d16","3617669202460","Startup For Industri","Utero Indonesia","74c1b87a-2c9b-45c8-a9af-5cdb3d88f419","2025-01-05","https://storage.googleapis.com/soundpub-project/covers/cover-1768809837135.jpg","Electronic","single","active","7d05f477-ef67-449f-a6cf-29097394948f","2026-01-14T09:24:45.16009+00:00","2026-01-19T16:48:47.607089+00:00",
"201a225b-34b9-4a93-8513-9fd982461324","3617669822743","Mars Turonggo Satrio Mboys","Wahyu Fen","74c1b87a-2c9b-45c8-a9af-5cdb3d88f419","2025-01-23","https://storage.googleapis.com/soundpub-project/covers/cover-1768810047506.jpg","Pop/dangdut","single","active","7d05f477-ef67-449f-a6cf-29097394948f","2026-01-14T09:34:51.688095+00:00","2026-01-19T16:45:36.621239+00:00",
"36903aba-9cc6-47ff-b86f-9bae295299c4","3617396703308","HANDS UP (Live Akustik)","Hepilogue","45133775-dd75-4495-ab7d-5fbeb79d85ad","2025-06-13","https://storage.googleapis.com/soundpub-project/covers/cover-1768810002170.jpg","Pop","single","active","7d05f477-ef67-449f-a6cf-29097394948f","2026-01-14T09:33:27.996993+00:00","2026-01-19T08:06:43.953516+00:00",
"6164fef6-b296-4d12-bbb6-20259c9e1fac","3617391959779","Sendiri","Skaregaustik AG3","74c1b87a-2c9b-45c8-a9af-5cdb3d88f419","2025-02-27","https://storage.googleapis.com/soundpub-project/covers/cover-1768981777934.jpg","Reggae","single","active","7d05f477-ef67-449f-a6cf-29097394948f","2026-01-14T07:50:18.366149+00:00","2026-01-21T07:49:38.408215+00:00",
"6ebdde0d-bac1-4fed-b615-84122f386afd","3617667368106","Cerita Nada Jiwa","Camestay","45133775-dd75-4495-ab7d-5fbeb79d85ad","2024-12-27","https://storage.googleapis.com/soundpub-project/covers/cover-1768809454820.jpg",,"single","active","7d05f477-ef67-449f-a6cf-29097394948f","2026-01-14T12:20:24.635579+00:00","2026-01-19T16:20:55.514941+00:00",
"3acea1d9-3aca-4bc4-9660-4b8d403b6bb4","3617667368151","Di Batas Senja","Camestay","45133775-dd75-4495-ab7d-5fbeb79d85ad","2024-12-27","https://storage.googleapis.com/soundpub-project/covers/cover-1768809470675.jpg","Pop","single","active","7d05f477-ef67-449f-a6cf-29097394948f","2026-01-14T12:18:01.597814+00:00","2026-01-19T16:23:59.751479+00:00",
"e332c871-1967-4822-a58f-dcc1a834e92a","3617396736115","Sumpah I Love You","Dikamahar","45133775-dd75-4495-ab7d-5fbeb79d85ad","2025-06-06","https://storage.googleapis.com/soundpub-project/covers/cover-1768809502060.jpg","Pop","single","active","7d05f477-ef67-449f-a6cf-29097394948f","2026-01-14T12:06:21.285842+00:00","2026-01-19T16:25:24.307059+00:00",
"aa9f46ab-5dc8-4d04-8d07-d34b74b35841","3617668975860","Cah Ayu","Fatur RH","74c1b87a-2c9b-45c8-a9af-5cdb3d88f419","2025-01-11","https://storage.googleapis.com/soundpub-project/covers/cover-1768810179467.jpg","Pop/jawa","single","active","7d05f477-ef67-449f-a6cf-29097394948f","2026-01-14T09:42:08.76639+00:00","2026-01-19T16:40:58.407446+00:00",
"9e4bbad4-4020-4ad7-abb4-378c389cbc2f","3617668975815","Dewe","Gilang ID","74c1b87a-2c9b-45c8-a9af-5cdb3d88f419","2025-01-11","https://storage.googleapis.com/soundpub-project/covers/cover-1768810298559.jpg","Pop/jawa","single","active","7d05f477-ef67-449f-a6cf-29097394948f","2026-01-14T10:11:55.963982+00:00","2026-01-19T16:34:11.610694+00:00",
"4386b117-98e9-407b-906f-1bf1794ade36","3617391040064","Dimareni","Ayu Elisha","74c1b87a-2c9b-45c8-a9af-5cdb3d88f419","2025-02-24","https://storage.googleapis.com/soundpub-project/covers/cover-1768981563264.jpg","Pop/jawa","single","active","7d05f477-ef67-449f-a6cf-29097394948f","2026-01-14T07:52:00.098497+00:00","2026-01-21T07:46:04.116029+00:00",
"1a7d4744-d835-438c-bdc6-20ae0e0ec80f","3617669822613","Pisah","Rizky Hidayat Wawan","74c1b87a-2c9b-45c8-a9af-5cdb3d88f419","2025-01-11","https://storage.googleapis.com/soundpub-project/covers/cover-1768809660643.jpg","Pop/dangdut","single","active","7d05f477-ef67-449f-a6cf-29097394948f","2026-01-14T09:14:34.361043+00:00","2026-01-19T16:57:40.574299+00:00",
"453dc652-6df6-468a-a545-2d7d57fd7343","3617669822750","Penak","Andhy Ganden","74c1b87a-2c9b-45c8-a9af-5cdb3d88f419","2025-01-24","https://storage.googleapis.com/soundpub-project/covers/cover-1768809727179.jpg","Pop/jawa","single","active","7d05f477-ef67-449f-a6cf-29097394948f","2026-01-14T09:17:55.470396+00:00","2026-01-19T16:55:09.856547+00:00",
"7ef1ff65-a12d-4c57-9295-45e1de590d91","3617396703322","BERMAIN API (Live Akustik)","Hepilogue","45133775-dd75-4495-ab7d-5fbeb79d85ad","2025-06-13","https://storage.googleapis.com/soundpub-project/covers/cover-1768809924504.jpg","Pop","single","active","7d05f477-ef67-449f-a6cf-29097394948f","2026-01-14T09:27:00.59435+00:00","2026-01-19T08:05:27.642901+00:00",
"5fe8e366-56cc-46d8-9107-f17d1835791b","3617399428079","Habibeat","DAfternoon","45133775-dd75-4495-ab7d-5fbeb79d85ad","2025-08-01","https://storage.googleapis.com/soundpub-project/covers/cover-1768809790789.jpg","Pop","single","active","7d05f477-ef67-449f-a6cf-29097394948f","2026-01-14T09:22:58.555771+00:00","2026-01-19T09:30:24.11037+00:00",
"99f50eef-e465-42c7-9553-40bea4cc8f90","3617668975921","Rapopo (feat. Icang Bulan)","Kak Milen","74c1b87a-2c9b-45c8-a9af-5cdb3d88f419","2024-12-19","https://storage.googleapis.com/soundpub-project/covers/cover-1768810140803.jpg","Pop/jawa","single","active","7d05f477-ef67-449f-a6cf-29097394948f","2026-01-14T09:40:40.233812+00:00","2026-01-19T16:43:00.327223+00:00",
"ab1307db-41b5-41de-b10a-7c3a467d0b99","3617396703278","Bukan Hanya Cinta (Live Akustik)","DAfternoon","45133775-dd75-4495-ab7d-5fbeb79d85ad","2025-06-13","https://storage.googleapis.com/soundpub-project/covers/cover-1768810082823.jpg","Pop","single","active","7d05f477-ef67-449f-a6cf-29097394948f","2026-01-14T09:36:56.639172+00:00","2026-01-19T16:38:52.94595+00:00",
"6480f9aa-1d6b-410b-ab0d-0c59e1ccb718","3617668975853","Ngasor","Prabu","74c1b87a-2c9b-45c8-a9af-5cdb3d88f419","2025-01-13","https://storage.googleapis.com/soundpub-project/covers/cover-1768810264302.jpg","Pop/jawa","single","active","7d05f477-ef67-449f-a6cf-29097394948f","2026-01-14T09:44:01.761368+00:00","2026-01-19T16:35:41.821043+00:00",
"e3973d7e-d4d1-4bb9-bdae-c71e15e5cd18","3617667368199","Bukan Hanya Cinta","DAfternoon","45133775-dd75-4495-ab7d-5fbeb79d85ad","2024-12-27","https://storage.googleapis.com/soundpub-project/covers/cover-1768809485274.jpg","Pop","single","active","7d05f477-ef67-449f-a6cf-29097394948f","2026-01-14T12:12:00.420506+00:00","2026-01-19T09:19:37.907104+00:00",
"f26491aa-b7d4-49a5-b8e9-3aed92d040fb","3617666724293","Pemenangnya","Hepilogue","45133775-dd75-4495-ab7d-5fbeb79d85ad","2024-12-07","https://storage.googleapis.com/soundpub-project/covers/cover-1768809307987.jpg","Pop - Alternative","single","active","7d05f477-ef67-449f-a6cf-29097394948f","2026-01-14T12:47:15.159437+00:00","2026-01-19T08:53:09.817891+00:00",
"c840262a-4acc-454e-af83-c70958e2a283","3617666724835","Gamang","Hepilogue","45133775-dd75-4495-ab7d-5fbeb79d85ad","2014-12-14","https://storage.googleapis.com/soundpub-project/covers/cover-1768811746665.jpg","Pop - Alternative","single","active","7d05f477-ef67-449f-a6cf-29097394948f","2026-01-14T12:41:16.096795+00:00","2026-01-19T08:35:48.166464+00:00",
"29ef1492-d511-448b-875f-15ced650a4e8","3617053282559","Gambir","Jati Tua","74c1b87a-2c9b-45c8-a9af-5cdb3d88f419","2022-12-17","https://storage.googleapis.com/soundpub-project/covers/cover-1768807850044.jpg","Pop","single","active","7d05f477-ef67-449f-a6cf-29097394948f","2026-01-15T10:02:36.329771+00:00","2026-01-19T12:47:17.143675+00:00",
"da6ebe45-f042-4344-a820-c33545ef3106","3617666593806","Sepi","Yoga TW","74c1b87a-2c9b-45c8-a9af-5cdb3d88f419","2025-11-18","https://storage.googleapis.com/soundpub-project/covers/cover-1768809122500.jpg","Pop/jawa","single","active","7d05f477-ef67-449f-a6cf-29097394948f","2026-01-15T03:21:53.363268+00:00","2026-01-19T15:50:49.757756+00:00",
"873de0b0-fc87-4e35-adb1-d4987a38ed1f","3617053161014","Daur Jati","Jati Tua","74c1b87a-2c9b-45c8-a9af-5cdb3d88f419","2022-12-03","https://storage.googleapis.com/soundpub-project/covers/cover-1768808003908.jpg","Pop","single","active","7d05f477-ef67-449f-a6cf-29097394948f","2026-01-15T09:43:59.760261+00:00","2026-01-19T13:49:46.677633+00:00",
"94b58922-779b-46fc-bae8-beb98c2de4d5","3617053334654","Indonesia","Eyeshadow Band","74c1b87a-2c9b-45c8-a9af-5cdb3d88f419","2022-11-30","https://storage.googleapis.com/soundpub-project/covers/cover-1768808059410.jpg","Pop","single","active","7d05f477-ef67-449f-a6cf-29097394948f","2026-01-15T09:38:06.558433+00:00","2026-01-19T13:47:30.291441+00:00",
"18376998-cf95-43f1-bc47-dfb4bbe24e48","3617053562859","Pura Pura Cinta","Kak Milen","74c1b87a-2c9b-45c8-a9af-5cdb3d88f419","2022-11-28","https://storage.googleapis.com/soundpub-project/covers/cover-1768808076151.jpg","Pop - Dangdut","single","active","7d05f477-ef67-449f-a6cf-29097394948f","2026-01-15T09:36:09.43573+00:00","2026-01-19T13:36:07.575952+00:00",
"426a1fb4-4262-4ce5-b43d-d8edf1afdb64","3617053335231","Percayalah","Spextra","74c1b87a-2c9b-45c8-a9af-5cdb3d88f419","2022-12-02","https://storage.googleapis.com/soundpub-project/covers/cover-1768808022183.jpg","Rock","single","active","7d05f477-ef67-449f-a6cf-29097394948f","2026-01-15T09:42:20.33834+00:00","2026-01-19T13:22:47.580812+00:00",
"260f7e2c-01d6-41a5-b616-b3c2b39c51bb","3617054743103","Harta Dan Nyawa","Predator","74c1b87a-2c9b-45c8-a9af-5cdb3d88f419","2023-01-04","https://storage.googleapis.com/soundpub-project/covers/cover-1768807559036.jpg","Metal - Death Metal","single","active","7d05f477-ef67-449f-a6cf-29097394948f","2026-01-15T10:25:05.581793+00:00","2026-01-19T11:24:08.899109+00:00",
"7eb8a509-9f0c-451d-b07a-caabd30ff4d1","3617053844627","Ku Akui","Spextra","74c1b87a-2c9b-45c8-a9af-5cdb3d88f419","2022-12-30","https://storage.googleapis.com/soundpub-project/covers/cover-1768807600425.jpg","Rock","single","active","7d05f477-ef67-449f-a6cf-29097394948f","2026-01-15T10:19:24.446518+00:00","2026-01-19T11:30:26.853071+00:00",
"c72fe21b-e127-48f7-bc3c-46f06f76ea93","3617054750934","Benci Tapi Cinta","Benjamin","74c1b87a-2c9b-45c8-a9af-5cdb3d88f419","2022-12-29","https://storage.googleapis.com/soundpub-project/covers/cover-1768807614973.jpg","Pop","single","active","7d05f477-ef67-449f-a6cf-29097394948f","2026-01-15T10:17:15.264992+00:00","2026-01-19T11:34:37.117395+00:00",
"6888c2ab-a9fa-48ce-bb35-1859dc86e41b","3617054075655","Tri Matra Indonesia","Wi Aflas Band","74c1b87a-2c9b-45c8-a9af-5cdb3d88f419","2022-12-27","https://storage.googleapis.com/soundpub-project/covers/cover-1768807645917.jpg","Rock","single","active","7d05f477-ef67-449f-a6cf-29097394948f","2026-01-15T10:13:34.528188+00:00","2026-01-19T11:41:57.212743+00:00",
"4f666496-b72e-41db-aebd-bafe19e306e5","3617053844603","Bila Waktu Tiba","Qmono","74c1b87a-2c9b-45c8-a9af-5cdb3d88f419","2022-12-26","https://storage.googleapis.com/soundpub-project/covers/cover-1768807660712.jpg","Pop","single","active","7d05f477-ef67-449f-a6cf-29097394948f","2026-01-15T10:11:26.185318+00:00","2026-01-19T11:45:17.872659+00:00",
"dc6c679d-d138-456f-b6a1-cf2031a41e81","3617053844573","Sahabat","Spextra","74c1b87a-2c9b-45c8-a9af-5cdb3d88f419","2022-12-23","https://storage.googleapis.com/soundpub-project/covers/cover-1768807798255.jpg","Rock","single","active","7d05f477-ef67-449f-a6cf-29097394948f","2026-01-15T10:07:56.415935+00:00","2026-01-19T12:21:18.153675+00:00",
"c7b9ebfa-cc9f-4f7a-9acf-004e4f20403c","3617053844597","Lelah Tuk Setia","Qmono","74c1b87a-2c9b-45c8-a9af-5cdb3d88f419","2022-12-19","https://storage.googleapis.com/soundpub-project/covers/cover-1768807814099.jpg","Pop","single","active","7d05f477-ef67-449f-a6cf-29097394948f","2026-01-15T10:06:08.091332+00:00","2026-01-19T12:37:02.007308+00:00",
"4f8b2f8c-4ac4-4677-88ea-65078374f1b8","3617053844146","Ku Telah Memilih","Novenda","74c1b87a-2c9b-45c8-a9af-5cdb3d88f419","2022-12-16","https://storage.googleapis.com/soundpub-project/covers/cover-1768807864890.jpg","Pop","single","active","7d05f477-ef67-449f-a6cf-29097394948f","2026-01-15T10:01:11.154825+00:00","2026-01-19T12:47:40.091742+00:00",
"7ae386b6-5cdd-4a53-980b-cd82d3dd8912","3617053661996","Kaulah Satu","Van Ifan","74c1b87a-2c9b-45c8-a9af-5cdb3d88f419","2022-12-15","https://storage.googleapis.com/soundpub-project/covers/cover-1768807900143.jpg","Pop","single","active","7d05f477-ef67-449f-a6cf-29097394948f","2026-01-15T09:57:23.179275+00:00","2026-01-19T12:52:05.680436+00:00",
"e1b647d0-3058-43c9-9e1c-276a539393d1","3617053915709","Broken Home","Spextra","74c1b87a-2c9b-45c8-a9af-5cdb3d88f419","2022-12-09","https://storage.googleapis.com/soundpub-project/covers/cover-1768807943453.jpg","Rock","single","active","7d05f477-ef67-449f-a6cf-29097394948f","2026-01-15T09:51:50.290071+00:00","2026-01-19T13:00:34.41992+00:00",
"4093a91b-1025-45e2-acb0-af1e23b756a5","3617053843521","Bintang Hatiku","Van Ifan","74c1b87a-2c9b-45c8-a9af-5cdb3d88f419","2022-12-08","https://storage.googleapis.com/soundpub-project/covers/cover-1768807962874.jpg","Pop","single","active","7d05f477-ef67-449f-a6cf-29097394948f","2026-01-15T09:49:07.497661+00:00","2026-01-19T13:02:23.855477+00:00",
"96e63399-99fc-4058-b8cd-05d6e0b80b2c","3617053847598","Dunia Lain","Qmono","74c1b87a-2c9b-45c8-a9af-5cdb3d88f419","2022-12-12","https://storage.googleapis.com/soundpub-project/covers/cover-1768807914446.jpg","Pop","single","active","7d05f477-ef67-449f-a6cf-29097394948f","2026-01-15T09:55:34.25513+00:00","2026-01-19T13:09:41.513968+00:00",
"d1c8944c-dd7e-42ff-89bf-d324c0bab3d5","3617666452356","Sakdermo","Andhy Ganden","74c1b87a-2c9b-45c8-a9af-5cdb3d88f419","2025-11-18","https://storage.googleapis.com/soundpub-project/covers/cover-1768809065993.jpg","Pop/jawa","single","active","7d05f477-ef67-449f-a6cf-29097394948f","2026-01-15T03:35:29.125933+00:00","2026-01-19T14:12:55.687103+00:00",
"a8239251-ac9d-4046-8bf5-28901a8dc2c9","3617666452233","Ajur","Altaf","74c1b87a-2c9b-45c8-a9af-5cdb3d88f419","2024-11-15","https://storage.googleapis.com/soundpub-project/covers/cover-1768808809211.jpg","Pop/dangdut","single","active","7d05f477-ef67-449f-a6cf-29097394948f","2026-01-15T06:33:39.785098+00:00","2026-01-19T13:45:09.035141+00:00",
"0cede684-91c1-420f-a8d0-497479f4f45a","3617053158014","Cahaya","Jati Tua","74c1b87a-2c9b-45c8-a9af-5cdb3d88f419","2022-11-26","https://storage.googleapis.com/soundpub-project/covers/cover-1768809152412.jpg","Pop","single","active","7d05f477-ef67-449f-a6cf-29097394948f","2026-01-14T14:14:05.593769+00:00","2026-01-19T15:52:21.303252+00:00",
"b6642f9c-cf11-48d9-b396-943813c20015","3617052696098","Lonceng Hitam","Jati Tua","74c1b87a-2c9b-45c8-a9af-5cdb3d88f419","2022-11-12","https://storage.googleapis.com/soundpub-project/covers/cover-1768809173826.jpg","Pop","single","active","7d05f477-ef67-449f-a6cf-29097394948f","2026-01-14T14:10:13.066743+00:00","2026-01-19T15:53:11.310559+00:00",
"94d7f03a-0c43-46b9-ab55-6699fa5c2004","3617052121736","Permintaan Terakhir","Nazar","45133775-dd75-4495-ab7d-5fbeb79d85ad","2022-10-28","https://storage.googleapis.com/soundpub-project/covers/cover-1768809210774.jpg","Pop","single","active","7d05f477-ef67-449f-a6cf-29097394948f","2026-01-14T14:06:40.126099+00:00","2026-01-19T15:54:42.193001+00:00",
"d3e3b2a2-c8c3-465f-873c-8c46d42b7dc0","3616846389420","Song For You","Donny Mendol","74c1b87a-2c9b-45c8-a9af-5cdb3d88f419","2022-04-19","https://storage.googleapis.com/soundpub-project/covers/cover-1768809230476.jpg","Rock","single","active","7d05f477-ef67-449f-a6cf-29097394948f","2026-01-14T14:03:40.528644+00:00","2026-01-19T15:59:48.35738+00:00",
"95ec2a28-695f-4ed4-9a8b-50f2cbb6ad85","3617665468761","Terlanjurku Mencintaimu","DAfternoon","45133775-dd75-4495-ab7d-5fbeb79d85ad","2024-11-11","https://storage.googleapis.com/soundpub-project/covers/cover-1768809292463.jpg","Pop","single","active","7d05f477-ef67-449f-a6cf-29097394948f","2026-01-14T12:49:34.949048+00:00","2026-01-19T09:19:08.61288+00:00",
"71da1073-bdd6-48a2-baba-078e3914cb32","3617054750910","Mantan Terindah","Nara","74c1b87a-2c9b-45c8-a9af-5cdb3d88f419","2022-01-05","https://storage.googleapis.com/soundpub-project/covers/cover-1768807542381.jpg","Pop","single","active","7d05f477-ef67-449f-a6cf-29097394948f","2026-01-15T10:26:41.839529+00:00","2026-01-19T11:20:59.395937+00:00",
"0c98b6ba-d370-4560-b296-6e5b559571aa","3617666724286","Pura Pura Buta","Hepilogue","45133775-dd75-4495-ab7d-5fbeb79d85ad","2024-12-13","https://storage.googleapis.com/soundpub-project/covers/cover-1768809361622.jpg","Pop - Alternative","single","active","7d05f477-ef67-449f-a6cf-29097394948f","2026-01-14T12:43:16.926832+00:00","2026-01-19T08:53:34.622427+00:00",
"1526b9db-c353-44e9-a843-41e5fc98a778","3617665073460","Kekasih Rahasiaku","DAfternoon","45133775-dd75-4495-ab7d-5fbeb79d85ad","2024-11-01","https://storage.googleapis.com/soundpub-project/covers/cover-1768809277618.jpg","Pop","single","active","7d05f477-ef67-449f-a6cf-29097394948f","2026-01-14T12:55:53.253097+00:00","2026-01-19T09:18:38.539613+00:00",
"22011086-a0c0-45cb-b651-b636c5228974","3617667174509","Bermain Api","Hepilogue","45133775-dd75-4495-ab7d-5fbeb79d85ad","2024-12-20","https://storage.googleapis.com/soundpub-project/covers/cover-1768811465835.jpg","Pop","single","active","7d05f477-ef67-449f-a6cf-29097394948f","2026-01-14T12:39:02.429208+00:00","2026-01-19T08:31:07.306225+00:00",
"5bf6e398-454a-48a1-98cb-ff0b61d66dab","3617054743158","Destroy The Generation","Predator","74c1b87a-2c9b-45c8-a9af-5cdb3d88f419","2023-01-17","https://storage.googleapis.com/soundpub-project/covers/cover-1768807300701.jpg","Metal - Death Metal","single","active","7d05f477-ef67-449f-a6cf-29097394948f","2026-01-15T10:48:28.047529+00:00","2026-01-19T10:45:55.815553+00:00",
"59a97c85-6202-4a70-afb2-dc1d501ff815","3617054743066","Lelah","D'Electra","74c1b87a-2c9b-45c8-a9af-5cdb3d88f419","2023-01-16","https://storage.googleapis.com/soundpub-project/covers/cover-1768807316420.jpg","Rock","single","active","7d05f477-ef67-449f-a6cf-29097394948f","2026-01-15T10:46:24.888795+00:00","2026-01-19T10:49:23.479997+00:00",
"4d194f75-3e0c-4a6a-b696-8d99e40b72b9","3617054743141","Bullshit is Your Shit","Predator","74c1b87a-2c9b-45c8-a9af-5cdb3d88f419","2023-01-15","https://storage.googleapis.com/soundpub-project/covers/cover-1768807337650.jpg","Metal - Death Metal","single","active","7d05f477-ef67-449f-a6cf-29097394948f","2026-01-15T10:45:07.771+00:00","2026-01-19T10:50:59.707887+00:00",
"50d19781-4a18-4bcc-b54e-c4651d3e2296","3617054743080","Tradisi Muda","Jati Tua","74c1b87a-2c9b-45c8-a9af-5cdb3d88f419","2023-01-14","https://storage.googleapis.com/soundpub-project/covers/cover-1768807388028.jpg","Pop","single","active","7d05f477-ef67-449f-a6cf-29097394948f","2026-01-15T10:43:44.01145+00:00","2026-01-19T10:54:02.852672+00:00",
"be486532-24ff-4671-8642-cd55bb84160a","3617224253869","Bukan Hanya Cinta","Ayunda Jany","74c1b87a-2c9b-45c8-a9af-5cdb3d88f419","2023-07-05","https://storage.googleapis.com/soundpub-project/covers/cover-1768807153664.jpg","Pop - Dangdut","single","active","7d05f477-ef67-449f-a6cf-29097394948f","2026-01-15T11:04:02.952339+00:00","2026-01-19T10:04:49.36925+00:00",
"d672a772-7f25-40a3-abd8-b7831ca2d308","3617664036879","Hands Up","Hepilogue","45133775-dd75-4495-ab7d-5fbeb79d85ad","2024-10-10","https://storage.googleapis.com/soundpub-project/covers/cover-1768809260977.jpg","Pop - Alternative","single","active","7d05f477-ef67-449f-a6cf-29097394948f","2026-01-14T12:58:34.17242+00:00","2026-01-19T08:47:23.508276+00:00",
"161b9ab6-d662-4aa1-b029-faf6c8c3f2b5","3617054743134","Batas Kehidupan","Predator","74c1b87a-2c9b-45c8-a9af-5cdb3d88f419","2023-01-13","https://storage.googleapis.com/soundpub-project/covers/cover-1768807404463.jpg","Metal - Death Metal","single","active","7d05f477-ef67-449f-a6cf-29097394948f","2026-01-15T10:41:56.584361+00:00","2026-01-19T10:57:05.657989+00:00",
"fad1cafd-67de-4892-9de0-db360ca5b34a","3617054743189","Koen Koyok T","Predator","74c1b87a-2c9b-45c8-a9af-5cdb3d88f419","2023-01-25","https://storage.googleapis.com/soundpub-project/covers/cover-1768807182681.jpg","Metal - Death Metal","single","active","7d05f477-ef67-449f-a6cf-29097394948f","2026-01-15T11:01:21.47611+00:00","2026-01-19T10:07:34.782923+00:00",
"28d876b2-9430-43eb-bc21-ccb0b7852db5","3617054743196","No Kompromi","Predator","74c1b87a-2c9b-45c8-a9af-5cdb3d88f419","2023-01-24","https://storage.googleapis.com/soundpub-project/covers/cover-1768807216840.jpg","Metal - Death Metal","single","active","7d05f477-ef67-449f-a6cf-29097394948f","2026-01-15T10:59:08.653804+00:00","2026-01-19T10:10:34.070027+00:00",
"54f4eaab-8891-40fa-b942-acf0703b0108","3617054743097","3339","Jati Tua","74c1b87a-2c9b-45c8-a9af-5cdb3d88f419","2023-01-21","https://storage.googleapis.com/soundpub-project/covers/cover-1768807235536.jpg","Pop","single","active","7d05f477-ef67-449f-a6cf-29097394948f","2026-01-15T10:57:27.667852+00:00","2026-01-19T10:36:54.920128+00:00",
"2b991549-8996-40b8-8db6-bb6c6a407045","3617054743165","Betrayal","Predator","74c1b87a-2c9b-45c8-a9af-5cdb3d88f419","2023-01-20","https://storage.googleapis.com/soundpub-project/covers/cover-1768807249225.jpg","Metal - Death Metal","single","active","7d05f477-ef67-449f-a6cf-29097394948f","2026-01-15T10:55:00.693795+00:00","2026-01-19T10:39:43.455163+00:00",
"ab80b617-b33b-4604-8585-a5e35cf7fdc1","3617054743172","Blood Of Democrasies","Predator","74c1b87a-2c9b-45c8-a9af-5cdb3d88f419","2023-01-19","https://storage.googleapis.com/soundpub-project/covers/cover-1768807263832.jpg","Metal - Death Metal","single","active","7d05f477-ef67-449f-a6cf-29097394948f","2026-01-15T10:52:50.216787+00:00","2026-01-19T10:42:33.752527+00:00",
"baa62cb3-d2d8-42ee-bb64-2991861df50e","3617054798608","Batas Waktu","Qmono","74c1b87a-2c9b-45c8-a9af-5cdb3d88f419","2023-01-18","https://storage.googleapis.com/soundpub-project/covers/cover-1768807280020.jpg","Pop","single","active","7d05f477-ef67-449f-a6cf-29097394948f","2026-01-15T10:49:50.910654+00:00","2026-01-19T10:44:14.473251+00:00",
"2bf8a854-0b0e-42d0-8005-3cb500fa669b","3617054750941","Hayalku","Qmono","74c1b87a-2c9b-45c8-a9af-5cdb3d88f419","2023-01-12","https://storage.googleapis.com/soundpub-project/covers/cover-1768807420135.jpg","Pop","single","active","7d05f477-ef67-449f-a6cf-29097394948f","2026-01-15T10:39:21.395173+00:00","2026-01-19T10:59:46.202503+00:00",
"ad110a3f-4baf-474c-82b2-da82de07a25c","3617054743073","Dislog Abd Jaya","Wi Aflas Band","74c1b87a-2c9b-45c8-a9af-5cdb3d88f419","2023-01-11","https://storage.googleapis.com/soundpub-project/covers/cover-1768807435250.jpg","Rock","single","active","7d05f477-ef67-449f-a6cf-29097394948f","2026-01-15T10:37:46.974351+00:00","2026-01-19T11:04:24.998889+00:00",
"1371c749-1aef-43c4-b8f4-cc27f0468109","3617054743059","Berikan Cintamu","D'Electra","74c1b87a-2c9b-45c8-a9af-5cdb3d88f419","2023-01-09","https://storage.googleapis.com/soundpub-project/covers/cover-1768807471586.jpg","Rock","single","active","7d05f477-ef67-449f-a6cf-29097394948f","2026-01-15T10:33:04.261237+00:00","2026-01-19T11:09:00.846896+00:00",
"7875388a-b55a-4f50-ac65-8c6f3bdce7ee","8990137009842","Sayap Nusantaraya","Ganusa","74c1b87a-2c9b-45c8-a9af-5cdb3d88f419","2025-10-23","https://opkvvdgnhhopkkeaokzo.supabase.co/storage/v1/object/public/release-covers/covers/30116439-c444-45d4-ba7c-09862317dab6.jpg","Pop","album","active","7d05f477-ef67-449f-a6cf-29097394948f","2026-01-12T06:13:19.583396+00:00","2026-01-19T07:40:16.457323+00:00",
"95a5b209-af27-4106-996e-82fab339f0d9","8990137012118","Abot","Asriel IP","74c1b87a-2c9b-45c8-a9af-5cdb3d88f419","2025-11-17","https://storage.googleapis.com/soundpub-project/covers/cover-1769109751590.jpg","Dangdut","single","active","7d05f477-ef67-449f-a6cf-29097394948f","2026-01-12T06:09:40.761887+00:00","2026-01-22T19:22:39.256742+00:00",
"47242adf-0216-4057-b90f-aff47e533b06","3617053844580","Prostitusi","Spextra","74c1b87a-2c9b-45c8-a9af-5cdb3d88f419","2023-01-06","https://storage.googleapis.com/soundpub-project/covers/cover-1768807527025.jpg","Rock","single","active","7d05f477-ef67-449f-a6cf-29097394948f","2026-01-15T10:28:13.285022+00:00","2026-01-19T11:16:47.741215+00:00",
"c73387a8-9f78-416d-913e-0fe405c76f7e","3617054075662","Sajak Kehidupan","Jati Tua","74c1b87a-2c9b-45c8-a9af-5cdb3d88f419","2022-12-31","https://storage.googleapis.com/soundpub-project/covers/cover-1768807584417.jpg","Pop","single","active","7d05f477-ef67-449f-a6cf-29097394948f","2026-01-15T10:22:36.637509+00:00","2026-01-19T11:28:08.176917+00:00",
"c7aa7f13-6cd6-4a92-8372-e4bc7820c509","3617054750927","Istimewah","Nara","74c1b87a-2c9b-45c8-a9af-5cdb3d88f419","2022-12-28","https://storage.googleapis.com/soundpub-project/covers/cover-1768807629493.jpg","Pop","single","active","7d05f477-ef67-449f-a6cf-29097394948f","2026-01-15T10:15:14.336459+00:00","2026-01-19T11:36:40.130926+00:00",
"ae5fffd6-4ab7-4d9b-9800-ee5aef286cbb","3617053661989","Oceh","Jati Tua","74c1b87a-2c9b-45c8-a9af-5cdb3d88f419","2022-12-24","https://storage.googleapis.com/soundpub-project/covers/cover-1768807685821.jpg","Pop","single","active","7d05f477-ef67-449f-a6cf-29097394948f","2026-01-15T10:09:26.337228+00:00","2026-01-19T12:14:13.985528+00:00",
"6ddd7afb-12ec-4e5a-961a-3a716a0c86c4","3617054075679","Sak Karepmu Dewe","Predator","74c1b87a-2c9b-45c8-a9af-5cdb3d88f419","2022-12-18","https://storage.googleapis.com/soundpub-project/covers/cover-1768807833484.jpg","Metal - Death Metal","single","active","7d05f477-ef67-449f-a6cf-29097394948f","2026-01-15T10:04:29.56526+00:00","2026-01-19T12:38:36.374415+00:00",
"4831fedd-c151-4155-ae37-0894ce0df506","3617053844092","Pergi Tanpa Alasan","Spextra","74c1b87a-2c9b-45c8-a9af-5cdb3d88f419","2022-12-16","https://storage.googleapis.com/soundpub-project/covers/cover-1768807883687.jpg","Rock","single","active","7d05f477-ef67-449f-a6cf-29097394948f","2026-01-15T09:59:38.987166+00:00","2026-01-19T12:56:35.922877+00:00",
"8b58c6dc-f150-4519-9b93-f916b9d5a6b5","3617053282696","Ekranisasi","Jati Tua","74c1b87a-2c9b-45c8-a9af-5cdb3d88f419","2022-12-10","https://storage.googleapis.com/soundpub-project/covers/cover-1768807928279.jpg","Pop","single","active","7d05f477-ef67-449f-a6cf-29097394948f","2026-01-15T09:53:49.638766+00:00","2026-01-19T13:07:21.709395+00:00",
"9d5caa4a-2a2a-41b8-9856-62a1bf5376cb","3617053783438","Damai","Eyeshadow Band","74c1b87a-2c9b-45c8-a9af-5cdb3d88f419","2022-12-07","https://storage.googleapis.com/soundpub-project/covers/cover-1768807988343.jpg","Pop","single","active","7d05f477-ef67-449f-a6cf-29097394948f","2026-01-15T09:47:36.073852+00:00","2026-01-19T13:21:08.278735+00:00",
"52aa1fbd-a992-48e0-8784-57922685f20c","3617053287141","Dinda","Van Ifan","74c1b87a-2c9b-45c8-a9af-5cdb3d88f419","2022-12-01","https://storage.googleapis.com/soundpub-project/covers/cover-1768808043315.jpg","Pop","single","active","7d05f477-ef67-449f-a6cf-29097394948f","2026-01-15T09:40:52.174368+00:00","2026-01-19T13:28:02.350638+00:00",
"0789dd96-350c-4105-acb5-d4506244e91d","3617666452301","Ajor","Dimas HK","74c1b87a-2c9b-45c8-a9af-5cdb3d88f419","2025-11-18","https://storage.googleapis.com/soundpub-project/covers/cover-1768808772224.jpg","Pop/jawa","single","active","7d05f477-ef67-449f-a6cf-29097394948f","2026-01-15T06:31:40.587724+00:00","2026-01-19T13:59:57.11491+00:00",
"d0cc685b-1019-4fe4-8241-da4c44c8ebdd","3617666168080","Punk Rock Mafia","Mobster","74c1b87a-2c9b-45c8-a9af-5cdb3d88f419","2025-11-09","https://storage.googleapis.com/soundpub-project/covers/cover-1768808910073.jpg","Alternative/punk","album","active","7d05f477-ef67-449f-a6cf-29097394948f","2026-01-15T03:29:42.057947+00:00","2026-01-19T15:42:42.020806+00:00",
"6e6aebe4-5103-4384-a833-fc2b026a00f1","3617662080614","Putus Di Jalan","Ayu Lia","45133775-dd75-4495-ab7d-5fbeb79d85ad","2024-08-30","https://storage.googleapis.com/soundpub-project/covers/cover-1768809245864.jpg","Dangdut","single","active","7d05f477-ef67-449f-a6cf-29097394948f","2026-01-14T13:03:38.216283+00:00","2026-01-19T16:02:10.231997+00:00",
"c5417fbc-7e9c-4b2d-aeda-33bea3ac6cff","3617226840487","Nemokne Dalane","Kak Milen","74c1b87a-2c9b-45c8-a9af-5cdb3d88f419","2023-09-08","https://storage.googleapis.com/soundpub-project/covers/cover-1768812148581.jpg","Pop - Dangdut","single","active","7d05f477-ef67-449f-a6cf-29097394948f","2026-01-19T08:42:30.178797+00:00","2026-01-19T09:43:44.76858+00:00",
"39b897bd-f07c-463b-b784-db92f3b2efcf","3617226181252","Cinta Maafkan Diriku","Rahul","74c1b87a-2c9b-45c8-a9af-5cdb3d88f419","2023-08-07","https://storage.googleapis.com/soundpub-project/covers/cover-1768811091275.jpg",,"single","active","7d05f477-ef67-449f-a6cf-29097394948f","2026-01-19T08:24:52.957135+00:00","2026-01-19T09:48:02.537278+00:00",
"020f0c59-2ed8-41ee-ac1b-cc35d349b158","3617224960019","Halusinasi","Kak Milen","45133775-dd75-4495-ab7d-5fbeb79d85ad","2023-08-03","https://storage.googleapis.com/soundpub-project/covers/cover-1768810994289.jpg","Pop - Dangdut","single","active","7d05f477-ef67-449f-a6cf-29097394948f","2026-01-19T08:23:16.287978+00:00","2026-01-19T09:51:53.885393+00:00",
"e696d0ba-f158-4bb7-a2eb-fd3a6b5fd420","3617225028589","Yo Sak Karepmu","Kak Milen","74c1b87a-2c9b-45c8-a9af-5cdb3d88f419","2023-07-31","https://storage.googleapis.com/soundpub-project/covers/cover-1768810770094.jpg","Pop - Dangdut","single","active","7d05f477-ef67-449f-a6cf-29097394948f","2026-01-19T08:19:38.483684+00:00","2026-01-19T09:54:55.835667+00:00",
"8cddeb09-0005-4ef7-ab13-af95c0389800","3617225028473","Sebatas Mantan","Kak Milen","74c1b87a-2c9b-45c8-a9af-5cdb3d88f419","2023-07-28","https://storage.googleapis.com/soundpub-project/covers/cover-1768810671930.jpg","Pop - Dangdut","single","active","7d05f477-ef67-449f-a6cf-29097394948f","2026-01-19T08:17:53.383163+00:00","2026-01-19T09:59:10.211527+00:00",
"a6b8a420-b94c-437f-9628-781677a631cd","3617225028510","Wes Berjuang","Kak Milen","74c1b87a-2c9b-45c8-a9af-5cdb3d88f419","2023-07-26","https://storage.googleapis.com/soundpub-project/covers/cover-1768810530100.jpg","Pop - Dangdut","single","active","7d05f477-ef67-449f-a6cf-29097394948f","2026-01-15T11:06:20.478606+00:00","2026-01-19T10:01:49.084222+00:00",
"e3c90daa-aba6-4c25-bede-0ee1452ab97e","3617668975792","Satu Untuk Semua","Yoga TW","74c1b87a-2c9b-45c8-a9af-5cdb3d88f419","2025-01-11","https://storage.googleapis.com/soundpub-project/covers/cover-1768810332689.jpg","Pop","single","active","7d05f477-ef67-449f-a6cf-29097394948f","2026-01-14T10:13:20.36286+00:00","2026-01-19T16:30:10.333116+00:00",
"85d1b9c0-008f-411a-a728-ff5a740fdb4a","3617381475418","Ngopi Istimewa (Chatten)","Utero Indonesia","74c1b87a-2c9b-45c8-a9af-5cdb3d88f419","2023-12-11","https://storage.googleapis.com/soundpub-project/covers/cover-1768985048496.jpg","Pop","single","active","7d05f477-ef67-449f-a6cf-29097394948f","2026-01-21T08:44:09.251735+00:00","2026-01-21T08:44:09.251735+00:00",
"c9822f8a-6a8f-4e2b-9cfb-83fab5d638dc","3617381408027","Hijrahku","Ayu Lia","45133775-dd75-4495-ab7d-5fbeb79d85ad","2023-12-20","https://storage.googleapis.com/soundpub-project/covers/cover-1768985291172.jpg","Pop - Dangdut","single","active","7d05f477-ef67-449f-a6cf-29097394948f","2026-01-21T08:48:11.622708+00:00","2026-01-21T08:48:11.622708+00:00",
"d06fd7e9-a9d9-4f28-bd57-983547908ac5","3617381408218","Tak Semudah Yang Kau Pikirkan","Asap Uye","45133775-dd75-4495-ab7d-5fbeb79d85ad","2023-12-21","https://storage.googleapis.com/soundpub-project/covers/cover-1768985519491.jpg","Reggae","single","active","7d05f477-ef67-449f-a6cf-29097394948f","2026-01-21T08:51:59.88375+00:00","2026-01-21T08:51:59.88375+00:00",
"11767e98-df16-48ab-a64a-ed7b5c7c8449","3617381478716","Takdir Tresno","Gilang ID","45133775-dd75-4495-ab7d-5fbeb79d85ad","2023-12-21","https://storage.googleapis.com/soundpub-project/covers/cover-1768985766782.jpg","Pop","single","active","7d05f477-ef67-449f-a6cf-29097394948f","2026-01-21T08:56:07.395411+00:00","2026-01-21T08:56:07.395411+00:00",
"64f413ce-a98c-47d9-93f1-045d154c4b74","3617226840494","Aku Ora Oleng","Kak Milen","74c1b87a-2c9b-45c8-a9af-5cdb3d88f419","2023-09-15","https://storage.googleapis.com/soundpub-project/covers/cover-1768979123756.jpg","Pop - Dangdut","single","active","7d05f477-ef67-449f-a6cf-29097394948f","2026-01-20T17:49:22.847226+00:00","2026-01-21T07:05:24.725318+00:00",
"7fb4b037-98f6-4038-8b0b-5ddf62a5579f","3617380801218","Padu","Altaf","45133775-dd75-4495-ab7d-5fbeb79d85ad","2023-12-05","https://storage.googleapis.com/soundpub-project/covers/cover-1768981072286.jpg","Pop","single","active","7d05f477-ef67-449f-a6cf-29097394948f","2026-01-20T17:52:05.416332+00:00","2026-01-21T07:37:53.173921+00:00",
"0ab477b9-48c0-4e33-bd99-fa10039c2bc9",,"Cekap","Bintang Purnama","45133775-dd75-4495-ab7d-5fbeb79d85ad","2023-12-21","https://storage.googleapis.com/soundpub-project/covers/cover-1768985960660.jpg","Pop","single","active","7d05f477-ef67-449f-a6cf-29097394948f","2026-01-21T08:59:21.613189+00:00","2026-01-21T08:59:21.613189+00:00",
"da4624ca-5689-4759-90d1-b7ac236d44e5","8990137015768","Konco Gathel","Nganchuk Crew","a92e518b-e0ae-4639-be1c-ac44947139cb","2026-01-13","https://storage.googleapis.com/soundpub-project/covers/cover-1768892594635.jpg","Hip-Hop/Rap","album","active","7d05f477-ef67-449f-a6cf-29097394948f","2026-01-20T05:04:23.808737+00:00","2026-01-26T14:07:59.13754+00:00",
"5173803f-3d05-46a0-8cca-9ce80307c276","3617380801225","Sopo Sing Konco","Kak Milen","45133775-dd75-4495-ab7d-5fbeb79d85ad","2023-12-06","https://storage.googleapis.com/soundpub-project/covers/cover-1768983803264.jpg","Pop","single","active","7d05f477-ef67-449f-a6cf-29097394948f","2026-01-21T08:23:24.276543+00:00","2026-01-21T08:23:24.276543+00:00",
"13a5fd06-9503-4555-8b4e-679fc2cfab09","3617380801201","Urutan Mburi","Banyus Ismail","45133775-dd75-4495-ab7d-5fbeb79d85ad","2023-12-07","https://storage.googleapis.com/soundpub-project/covers/cover-1768984227791.jpg","Pop","single","active","7d05f477-ef67-449f-a6cf-29097394948f","2026-01-21T08:30:29.720922+00:00","2026-01-21T08:30:29.720922+00:00",
"a615d8b5-fe53-4e1d-860b-0fa39d1dde31","3617380857918","Sakdermo","Kak Milen","45133775-dd75-4495-ab7d-5fbeb79d85ad","2023-12-07","https://storage.googleapis.com/soundpub-project/covers/cover-1768984702572.jpg","Pop","single","active","7d05f477-ef67-449f-a6cf-29097394948f","2026-01-21T08:38:23.112567+00:00","2026-01-21T08:38:23.112567+00:00",
"3edf2297-d190-4cfa-b7a8-45312ce08614","3617381408225","Oh Linda","Asap Uye","45133775-dd75-4495-ab7d-5fbeb79d85ad","2023-12-22","https://storage.googleapis.com/soundpub-project/covers/cover-1768986222926.jpg","Reggae","single","active","7d05f477-ef67-449f-a6cf-29097394948f","2026-01-21T09:03:43.369516+00:00","2026-01-21T09:03:43.369516+00:00",
"3ede7b92-2feb-4a28-b6f9-e97e99501bcf","3617381408232","Kimcilku Di Gondol Hau","Asap Uye","45133775-dd75-4495-ab7d-5fbeb79d85ad","2023-12-23","https://storage.googleapis.com/soundpub-project/covers/cover-1768986482380.jpg","Reggae","single","active","7d05f477-ef67-449f-a6cf-29097394948f","2026-01-21T09:08:02.878263+00:00","2026-01-21T09:08:02.878263+00:00",
"53046682-bb87-41ec-a2a7-7e3c44d2783d","3617381408270","Uye Merata","Asap Uye","45133775-dd75-4495-ab7d-5fbeb79d85ad","2023-12-24","https://storage.googleapis.com/soundpub-project/covers/cover-1768986616930.jpg","Reggae","single","active","7d05f477-ef67-449f-a6cf-29097394948f","2026-01-21T09:10:18.482102+00:00","2026-01-21T09:10:18.482102+00:00",
"de38f4fb-2e25-4760-8975-7e53c311fac8","3617381408256","Pertama Memandang","Asap Uye","45133775-dd75-4495-ab7d-5fbeb79d85ad","2023-12-25","https://storage.googleapis.com/soundpub-project/covers/cover-1768986814864.jpg","Reggae","single","active","7d05f477-ef67-449f-a6cf-29097394948f","2026-01-21T09:13:35.708007+00:00","2026-01-21T09:13:35.708007+00:00",
"915f0629-37df-47d0-b422-311f3b33bc4f","3617382064789","Hadir Disini","Arden Xanders","45133775-dd75-4495-ab7d-5fbeb79d85ad","2023-12-25","https://storage.googleapis.com/soundpub-project/covers/cover-1768987310313.jpg","Pop","single","active","7d05f477-ef67-449f-a6cf-29097394948f","2026-01-21T09:21:51.113831+00:00","2026-01-21T09:21:51.113831+00:00",
"c12d3aad-ac99-42fa-8640-eb84a8fc6c4a","3617381408263","Ladies Uye","Asap Uye","45133775-dd75-4495-ab7d-5fbeb79d85ad","2023-12-26","https://storage.googleapis.com/soundpub-project/covers/cover-1768987798139.jpg","Reggae","single","active","7d05f477-ef67-449f-a6cf-29097394948f","2026-01-21T09:29:58.668875+00:00","2026-01-21T09:29:58.668875+00:00",
"8ddda548-a58b-4c7b-ab93-c3af519f3438","3617381408300","26 September Pelangiku","Asap Uye","45133775-dd75-4495-ab7d-5fbeb79d85ad","2023-12-27","https://storage.googleapis.com/soundpub-project/covers/cover-1768988035176.jpg","Reggae","single","active","7d05f477-ef67-449f-a6cf-29097394948f","2026-01-21T09:33:57.058544+00:00","2026-01-21T09:33:57.058544+00:00",
"1c99b0f8-6324-4211-8792-4c40fea1f1a0","3617381408324","Slow Bae Lah","Asap Uye","45133775-dd75-4495-ab7d-5fbeb79d85ad","2023-12-28","https://storage.googleapis.com/soundpub-project/covers/cover-1768988224412.jpg","Reggae","single","active","7d05f477-ef67-449f-a6cf-29097394948f","2026-01-21T09:37:04.910705+00:00","2026-01-21T09:37:04.910705+00:00",
"3fb20bc5-7e18-4750-b7f9-dbd12f3751b4","3617381408348","Pernah Bandel","Asap Uye","45133775-dd75-4495-ab7d-5fbeb79d85ad","2023-12-29","https://storage.googleapis.com/soundpub-project/covers/cover-1768988484912.jpg","Reggae","single","active","7d05f477-ef67-449f-a6cf-29097394948f","2026-01-21T09:41:25.321736+00:00","2026-01-21T09:41:25.321736+00:00",
"e8ace63c-83dd-4471-8086-77a18bb8e1b2","3617382816968","Cekap","Bintang","45133775-dd75-4495-ab7d-5fbeb79d85ad","2024-01-22","https://storage.googleapis.com/soundpub-project/covers/cover-1768989008008.jpg","Dance - DJ Mix","single","active","7d05f477-ef67-449f-a6cf-29097394948f","2026-01-21T09:50:08.616448+00:00","2026-01-21T09:50:08.616448+00:00",
"2db3caeb-830c-46a9-bfe5-3698a6369c49","3617382816951","Takdir Tresno","Gilang ID","45133775-dd75-4495-ab7d-5fbeb79d85ad","2024-01-23","https://storage.googleapis.com/soundpub-project/covers/cover-1768989245093.jpg","Dance - DJ Mix","single","active","7d05f477-ef67-449f-a6cf-29097394948f","2026-01-21T09:54:06.752355+00:00","2026-01-21T09:54:06.752355+00:00",
"44dfb72d-02e2-4e0d-ba0a-1ea9e19a27a1","3617382816890","Kita Berbeda","Natua","74c1b87a-2c9b-45c8-a9af-5cdb3d88f419","2024-01-26","https://storage.googleapis.com/soundpub-project/covers/cover-1768989428924.jpg","Rock","single","active","7d05f477-ef67-449f-a6cf-29097394948f","2026-01-21T09:57:10.05717+00:00","2026-01-21T09:57:10.05717+00:00",
"12b50da7-55d9-455f-b381-93352dc12305","3617385737833","Yo Sak Karepmu (Acoustic)","Gilang ID","45133775-dd75-4495-ab7d-5fbeb79d85ad","2024-03-29","https://storage.googleapis.com/soundpub-project/covers/cover-1768989928679.jpg","Pop","single","active","7d05f477-ef67-449f-a6cf-29097394948f","2026-01-21T10:05:29.66547+00:00","2026-01-21T10:05:29.66547+00:00",
"c36bf28c-f414-4376-accc-bf6641767002","3617384044185","Utero Siap","Dadik Wahyu","74c1b87a-2c9b-45c8-a9af-5cdb3d88f419","2024-02-24","https://storage.googleapis.com/soundpub-project/covers/cover-1768990181987.jpg","Hip-Hop","single","active","7d05f477-ef67-449f-a6cf-29097394948f","2026-01-21T10:09:42.451433+00:00","2026-01-21T10:09:42.451433+00:00",
"269bad29-1bf3-4abd-9ff7-125a501ca6c8","3617384044178","Kelaran","Prabu","45133775-dd75-4495-ab7d-5fbeb79d85ad","2024-02-22","https://storage.googleapis.com/soundpub-project/covers/cover-1768990402550.jpg","Pop","single","active","7d05f477-ef67-449f-a6cf-29097394948f","2026-01-21T10:13:23.920286+00:00","2026-01-21T10:13:23.920286+00:00",
"c80b4216-1179-4132-a22d-9f290f1e65c7","3617384044192","Gempur Rokok Ilegal	","Utero Indonesia","74c1b87a-2c9b-45c8-a9af-5cdb3d88f419","2024-02-21","https://storage.googleapis.com/soundpub-project/covers/cover-1768990618550.jpg","Pop","single","active","7d05f477-ef67-449f-a6cf-29097394948f","2026-01-21T10:16:59.367664+00:00","2026-01-21T10:16:59.367664+00:00",
"073de71d-9af5-4a75-9272-40e20408d74f","3617386645618","Mom Sarasa","Utero Indonesia","74c1b87a-2c9b-45c8-a9af-5cdb3d88f419","2024-04-23","https://storage.googleapis.com/soundpub-project/covers/cover-1768991038275.jpg","Pop","single","active","7d05f477-ef67-449f-a6cf-29097394948f","2026-01-21T10:23:58.96535+00:00","2026-01-21T10:23:58.96535+00:00",
"4a76a0c3-416c-4a95-ac5d-4838a9770ad4","3617386645687","Wes Berjuang (Remix)","Kak Milen","45133775-dd75-4495-ab7d-5fbeb79d85ad","2024-04-25","https://storage.googleapis.com/soundpub-project/covers/cover-1768991321639.jpg","Dance - DJ Mix","single","active","7d05f477-ef67-449f-a6cf-29097394948f","2026-01-21T10:28:42.961855+00:00","2026-01-21T10:28:42.961855+00:00",
"2992c356-fa49-4d49-8439-f02946dfcbda","3617386645656","Nemokne Dalane	(Acoustic)","Bintang Purnama","45133775-dd75-4495-ab7d-5fbeb79d85ad","2024-05-01","https://storage.googleapis.com/soundpub-project/covers/cover-1768991542783.jpg","Pop","single","active","7d05f477-ef67-449f-a6cf-29097394948f","2026-01-21T10:32:23.859198+00:00","2026-01-21T10:32:23.859198+00:00",
"8a1b11bf-1ccc-4c33-917a-d0015069d84b","3617387579165","Mimpi Bertali","Wara Valerie","74c1b87a-2c9b-45c8-a9af-5cdb3d88f419","2024-05-04","https://storage.googleapis.com/soundpub-project/covers/cover-1768991719155.jpg","Pop","single","active","7d05f477-ef67-449f-a6cf-29097394948f","2026-01-21T10:35:19.560482+00:00","2026-01-21T10:35:19.560482+00:00",
"3a4ba01f-ad34-4317-aca6-f83360e9ada7","3617387581021","Sorotan Matamu","Wara Valerie","74c1b87a-2c9b-45c8-a9af-5cdb3d88f419","2024-05-06","https://storage.googleapis.com/soundpub-project/covers/cover-1768991998448.jpg","Pop","single","active","7d05f477-ef67-449f-a6cf-29097394948f","2026-01-21T10:39:59.088127+00:00","2026-01-21T10:39:59.088127+00:00",
"6084fb74-c371-4e85-afc9-29bba7602d70","3617387581007","Sopo Sing Konco	(Acoustic)","Gilang ID","45133775-dd75-4495-ab7d-5fbeb79d85ad","2024-05-10","https://storage.googleapis.com/soundpub-project/covers/cover-1768992241278.jpg","Pop","single","active","7d05f477-ef67-449f-a6cf-29097394948f","2026-01-21T10:44:02.461056+00:00","2026-01-21T10:44:02.461056+00:00",
"740e170f-9a40-4d04-b6d3-4871965296a5","3617387592553","Tibo (Mberot)","Kak Milen","45133775-dd75-4495-ab7d-5fbeb79d85ad","2024-05-15","https://storage.googleapis.com/soundpub-project/covers/cover-1768992628755.jpg","Hip-Hop","single","active","7d05f477-ef67-449f-a6cf-29097394948f","2026-01-21T10:50:29.657304+00:00","2026-01-21T10:50:29.657304+00:00",
"768b421a-6a51-4df2-8469-142474648b29","3617387592584","Mars Satrio Mboys","Wahyu Fen","45133775-dd75-4495-ab7d-5fbeb79d85ad","2024-05-15","https://storage.googleapis.com/soundpub-project/covers/cover-1768992834023.jpg","Dance - DJ Mix","single","active","7d05f477-ef67-449f-a6cf-29097394948f","2026-01-21T10:53:54.632474+00:00","2026-01-21T10:53:54.632474+00:00",
"3e124fdc-46a8-434a-aaaf-a0455d333630","3617387586422","Perih","Bintang Purnama","45133775-dd75-4495-ab7d-5fbeb79d85ad","2024-05-16","https://storage.googleapis.com/soundpub-project/covers/cover-1768993016546.jpg","Pop","single","active","7d05f477-ef67-449f-a6cf-29097394948f","2026-01-21T10:56:57.549407+00:00","2026-01-21T10:56:57.549407+00:00",
"18804a8b-0e2f-46e1-8d8f-5b902fb9c9f8","3617387592607","Satrio Mboys","Wahyu Fen","45133775-dd75-4495-ab7d-5fbeb79d85ad","2024-05-16","https://storage.googleapis.com/soundpub-project/covers/cover-1768993301533.jpg","Dance - DJ Mix","single","active","7d05f477-ef67-449f-a6cf-29097394948f","2026-01-21T11:01:42.414109+00:00","2026-01-21T11:01:42.414109+00:00",
"089fc769-8205-4cdc-b9c2-1e4c0e99fad6","3617387592614","Rapopo","Kak Milen","45133775-dd75-4495-ab7d-5fbeb79d85ad","2024-05-16","https://storage.googleapis.com/soundpub-project/covers/cover-1768993565980.jpg","Dance - DJ Mix","single","active","7d05f477-ef67-449f-a6cf-29097394948f","2026-01-21T11:06:06.891187+00:00","2026-01-21T11:06:06.891187+00:00",
"fc13bc0e-40a1-4cb1-9a14-f37ce3620739","3617387592638","Sopo Sing Konco (Mberot)","Kak Milen","45133775-dd75-4495-ab7d-5fbeb79d85ad","2024-05-16","https://storage.googleapis.com/soundpub-project/covers/cover-1768993796695.jpg","Dance - DJ Mix","single","active","7d05f477-ef67-449f-a6cf-29097394948f","2026-01-21T11:09:57.245633+00:00","2026-01-21T11:09:57.245633+00:00",
"42045aad-d3d9-480c-b2ca-9c79ebf04682","3617387592652","Wes Berjuang (Mberot)","Kak Milen","45133775-dd75-4495-ab7d-5fbeb79d85ad","2024-05-16","https://storage.googleapis.com/soundpub-project/covers/cover-1768994053608.jpg","Dance - DJ Mix","single","active","7d05f477-ef67-449f-a6cf-29097394948f","2026-01-21T11:14:14.388488+00:00","2026-01-21T11:14:14.388488+00:00",
"9be340e9-abe7-4770-a012-6f27f97ab55b","3617387592683","Yo Sak Karepmu (Mberot)","Kak Milen","45133775-dd75-4495-ab7d-5fbeb79d85ad","2024-05-16","https://storage.googleapis.com/soundpub-project/covers/cover-1768994784081.jpg","Dance - DJ Mix","single","active","7d05f477-ef67-449f-a6cf-29097394948f","2026-01-21T11:26:25.381229+00:00","2026-01-21T11:26:25.381229+00:00",
"3fc5331d-cb46-4e6e-b927-2560cf9ab3e7","3617388199423","Tibo","Gilang ID","45133775-dd75-4495-ab7d-5fbeb79d85ad","2024-05-31","https://storage.googleapis.com/soundpub-project/covers/cover-1768995397615.jpg","Pop","single","active","7d05f477-ef67-449f-a6cf-29097394948f","2026-01-21T11:36:39.002791+00:00","2026-01-21T11:36:39.002791+00:00",
"323ab3b3-28f0-4a63-b71e-79e0c020eb14","3617389248465","Ojo Kuminter","Dimas HK","45133775-dd75-4495-ab7d-5fbeb79d85ad","2024-06-22","https://storage.googleapis.com/soundpub-project/covers/cover-1768995680487.jpg","Pop","single","active","7d05f477-ef67-449f-a6cf-29097394948f","2026-01-21T11:41:21.532373+00:00","2026-01-21T11:41:21.532373+00:00",
"102525c1-4f5a-470c-b7cb-387e5ede9505","3617389505407","Tertindas","Predator","45133775-dd75-4495-ab7d-5fbeb79d85ad","2024-06-29","https://storage.googleapis.com/soundpub-project/covers/cover-1768998362827.jpg","Metal - Grindcore","single","active","7d05f477-ef67-449f-a6cf-29097394948f","2026-01-21T12:26:03.385215+00:00","2026-01-21T12:26:03.385215+00:00",
"a8f906ba-3deb-49e9-97ca-7c470189def7","3617389505421","Babi Ta1 Basi","Predator","45133775-dd75-4495-ab7d-5fbeb79d85ad","2024-06-30","https://storage.googleapis.com/soundpub-project/covers/cover-1768998965198.jpg","Metal - Grindcore","single","active","7d05f477-ef67-449f-a6cf-29097394948f","2026-01-21T12:36:06.062734+00:00","2026-01-21T12:36:06.062734+00:00",
"07c88e3b-33ac-4651-a221-3c5f8bfe37e5","3617389505636","Harga Diri","Predator","45133775-dd75-4495-ab7d-5fbeb79d85ad","2024-06-30","https://storage.googleapis.com/soundpub-project/covers/cover-1768999290156.jpg","Metal - Grindcore","single","active","7d05f477-ef67-449f-a6cf-29097394948f","2026-01-21T12:41:31.336298+00:00","2026-01-21T12:41:31.336298+00:00",
"13e543d8-4a38-4ce5-b3cf-7e8460807ded","3617389505681","Hated","Predator","45133775-dd75-4495-ab7d-5fbeb79d85ad","2024-06-30","https://storage.googleapis.com/soundpub-project/covers/cover-1768999705939.jpg","Metal - Grindcore","single","active","7d05f477-ef67-449f-a6cf-29097394948f","2026-01-21T12:48:27.085268+00:00","2026-01-21T12:48:27.085268+00:00",
"06da495c-f89d-4078-862c-743fea0b6e3a","3617389505773","Balas Dendam","Predator","45133775-dd75-4495-ab7d-5fbeb79d85ad","2024-06-30","https://storage.googleapis.com/soundpub-project/covers/cover-1769000249604.jpg","Metal - Grindcore","single","active","7d05f477-ef67-449f-a6cf-29097394948f","2026-01-21T12:57:30.705881+00:00","2026-01-21T12:57:30.705881+00:00",
"b00a3d55-85c5-4ad7-a14b-1ccb9f739202","3617389505735","Manusia Sakit Jiwa","Predator","45133775-dd75-4495-ab7d-5fbeb79d85ad","2024-06-30","https://storage.googleapis.com/soundpub-project/covers/cover-1768999890421.jpg","Metal - Grindcore","single","active","7d05f477-ef67-449f-a6cf-29097394948f","2026-01-21T12:51:31.427365+00:00","2026-01-21T12:58:32.932394+00:00",
"5f1e2d8e-ad37-4a3c-8b06-b2c2d4d7fafe","3617389507265","Fuckin' Your Shit","Predator","45133775-dd75-4495-ab7d-5fbeb79d85ad","2024-06-30","https://storage.googleapis.com/soundpub-project/covers/cover-1769000549177.jpg","Metal - Grindcore","single","active","7d05f477-ef67-449f-a6cf-29097394948f","2026-01-21T13:02:30.091933+00:00","2026-01-21T13:02:30.091933+00:00",
"e1646807-6b41-418e-b28e-2d1902cb3f42","3617389505476","Janji Tirani","Predator","45133775-dd75-4495-ab7d-5fbeb79d85ad","2024-07-01","https://storage.googleapis.com/soundpub-project/covers/cover-1769002266145.jpg","Metal - Grindcore","single","active","7d05f477-ef67-449f-a6cf-29097394948f","2026-01-21T13:31:07.241112+00:00","2026-01-21T13:31:07.241112+00:00",
"63c5f241-d811-4269-8a53-0fa09006779e","3617389505575","Suicide","Predator","45133775-dd75-4495-ab7d-5fbeb79d85ad","2024-07-01","https://storage.googleapis.com/soundpub-project/covers/cover-1769003366936.jpg","Metal - Grindcore","single","active","7d05f477-ef67-449f-a6cf-29097394948f","2026-01-21T13:49:28.326748+00:00","2026-01-21T13:49:28.326748+00:00",
"03f47ab3-85e6-4a71-a2fd-1ff1f6db8746","3617389505520","Whistle blowing","Predator","45133775-dd75-4495-ab7d-5fbeb79d85ad","2024-07-04","https://storage.googleapis.com/soundpub-project/covers/cover-1769004341163.jpg","Metal - Grindcore","single","active","7d05f477-ef67-449f-a6cf-29097394948f","2026-01-21T14:05:41.781671+00:00","2026-01-21T14:05:41.781671+00:00",
"2335191f-bf1e-4986-9a2e-aa7a202eb136","3617389505537","Brutal Terror","Predator","45133775-dd75-4495-ab7d-5fbeb79d85ad","2024-07-05","https://storage.googleapis.com/soundpub-project/covers/cover-1769007474722.jpg","Metal - Grindcore","single","active","7d05f477-ef67-449f-a6cf-29097394948f","2026-01-21T14:57:55.50697+00:00","2026-01-21T14:57:55.50697+00:00",
"e08eb3c6-de1b-4b2e-ae7f-778227574be2","3617389505841","Mother Fucker","Predator","45133775-dd75-4495-ab7d-5fbeb79d85ad","2024-07-01","https://storage.googleapis.com/soundpub-project/covers/cover-1769004091485.jpg","Metal - Grindcore","single","active","7d05f477-ef67-449f-a6cf-29097394948f","2026-01-21T14:01:33.193439+00:00","2026-01-21T15:01:04.782688+00:00",
"0c59cc49-4a50-441c-8a42-30890b5b101b","3617389847125","The Last Time","Rio Fiendy","45133775-dd75-4495-ab7d-5fbeb79d85ad","2023-07-05","https://storage.googleapis.com/soundpub-project/covers/cover-1769010459635.jpg","Classical","single","active","7d05f477-ef67-449f-a6cf-29097394948f","2026-01-21T15:47:40.369611+00:00","2026-01-21T15:47:40.369611+00:00",
"3b1a96b1-a362-4b4b-b2fb-7ab7374f0722","3617662080645","Sepi","Asriel IP","45133775-dd75-4495-ab7d-5fbeb79d85ad","2024-08-29","https://storage.googleapis.com/soundpub-project/covers/cover-1769010617523.jpg","Pop","single","active","7d05f477-ef67-449f-a6cf-29097394948f","2026-01-21T15:50:17.988137+00:00","2026-01-21T15:50:17.988137+00:00",
"e5387b17-15e2-4639-9c98-729dac48cf54","3617396225008","M (Piano Instrumental)","Red Valley","74c1b87a-2c9b-45c8-a9af-5cdb3d88f419","2025-05-11","https://storage.googleapis.com/soundpub-project/covers/cover-1769140360041.jpg","Pop","album","active","7d05f477-ef67-449f-a6cf-29097394948f","2026-01-23T03:52:47.458233+00:00","2026-01-23T03:52:47.458233+00:00",
"6c93a382-de2b-44de-9319-05abe5149f41","8990137018561","Untuk Selamanya","Agung Hermawan","45133775-dd75-4495-ab7d-5fbeb79d85ad","2026-01-16","https://storage.googleapis.com/soundpub-project/covers/cover-1768982471760.jpg","Pop","single","active","7d05f477-ef67-449f-a6cf-29097394948f","2026-01-21T06:20:44.409821+00:00","2026-01-26T04:05:30.440392+00:00",
"85994e75-e983-48ea-b5d0-e6e9dbab6479",,"Tapi Tanpa Saya","MOCONDO","74c1b87a-2c9b-45c8-a9af-5cdb3d88f419","2026-01-30","https://storage.googleapis.com/soundpub-project/covers/cover-1769402558542.jpeg",,"single","pending","7d05f477-ef67-449f-a6cf-29097394948f","2026-01-26T04:42:42.465313+00:00","2026-01-26T04:42:42.465313+00:00",
"66024788-5c51-4950-8c50-da09a285bc19","8990137015751","Utang","Nganchuk Crew","a92e518b-e0ae-4639-be1c-ac44947139cb","2026-01-14","https://storage.googleapis.com/soundpub-project/covers/cover-1768895125099.jpg","Hip-Hop/Rap","album","active","7d05f477-ef67-449f-a6cf-29097394948f","2026-01-20T07:32:57.706862+00:00","2026-01-26T14:07:59.13754+00:00",